Бульвар Рокоссовского,55.814264,37.735117
Каширская,55.654681,37.648205
Черкизовская,55.803671,37.744927
Варшавская,55.653294,37.619522
Бабушкинская,55.869556,37.664464
Преображенская площадь,55.796167,37.715022
Каховская,55.652898,37.597127
Свиблово,55.855224,37.652238
Сокольники,55.788991,37.67988
Красносельская,55.779818,37.666225
Комсомольская,55.775707,37.6547
Красные Ворота,55.768659,37.64922
Чистые пруды,55.764794,37.638683
Лубянка,55.759456,37.626789
Охотный ряд,55.756964,37.615524
Деловой центр,55.749025,37.539904
Библиотека имени Ленина,55.751315,37.610107
Кропоткинская,55.745068,37.603487
Парк культуры,55.735302,37.592869
Фрунзенская,55.727313,37.580463
Спортивная,55.723247,37.564105
Воробьёвы горы,55.710438,37.559317
Университет,55.692612,37.533517
Проспект Вернадского,55.67691,37.505831
Юго-Западная,55.663629,37.483095
Тропарёво,55.64574,37.472378
Румянцево,55.633028,37.441395
Саларьево,55.621811,37.424048
Филатов Луг,55.601177,37.407995
Прокшино,55.586456,37.43322
Ольховая,55.56898,37.459047
Коммунарка,55.560071,37.46865
Щёлковская,55.809712,37.798583
Первомайская,55.794614,37.799418
Измайловская,55.787761,37.781497
Партизанская,55.788424,37.749265
Семёновская,55.783195,37.719423
Электрозаводская,55.782066,37.705284
Бауманская,55.772406,37.679035
Курская,55.758524,37.65876
Площадь Революции,55.756802,37.62272
Арбатская,55.75207,37.601358
Смоленская,55.748756,37.582161
Киевская,55.743588,37.565587
Парк Победы,55.736934,37.516009
Славянский бульвар,55.729574,37.470572
Кунцевская,55.730603,37.445437
Молодёжная,55.740867,37.416619
Крылатское,55.756842,37.408139
Строгино,55.803691,37.403118
Мякинино,55.824,37.384927
Волоколамская,55.835508,37.382034
Митино,55.845734,37.362154
Пятницкое шоссе,55.855967,37.354132
Алма-Атинская,55.63282,37.765911
Красногвардейская,55.613605,37.744055
Домодедовская,55.610814,37.718552
Орехово,55.612884,37.695331
Царицыно,55.621653,37.669028
Кантемировская,55.636107,37.656218
Каширская,55.654681,37.648205
Коломенская,55.678407,37.663827
Автозаводская,55.707182,37.657646
Павелецкая,55.731536,37.636329
Новокузнецкая,55.74185,37.629295
Театральная,55.757967,37.619001
Тверская,55.764455,37.605939
Маяковская,55.76996,37.595914
Белорусская,55.777388,37.582206
Динамо,55.789704,37.558212
Аэропорт,55.800979,37.531765
Сокол,55.805042,37.514787
Войковская,55.818923,37.497791
Водный стадион,55.839881,37.486769
Речной вокзал,55.854891,37.476231
Технопарк,55.693931,37.66442
Ховрино,55.878273,37.480768
Беломорская,55.865369,37.475692
Кунцевская,55.730603,37.445437
Пионерская,55.735986,37.467078
Филевский парк,55.739519,37.483328
Багратионовская,55.743801,37.497863
Фили,55.74597,37.514949
Кутузовская,55.74033,37.534191
Студенческая,55.738784,37.548375
Киевская,55.743588,37.565587
Смоленская,55.748756,37.582161
Арбатская,55.75207,37.601358
Александровский сад,55.752349,37.609461
Выставочная,55.750074,37.541386
Международная,55.748311,37.534263
Парк культуры,55.735302,37.592869
Октябрьская,55.729275,37.611096
Добрынинская,55.729006,37.622513
Павелецкая,55.731536,37.636329
Таганская,55.739544,37.652957
Курская,55.758524,37.65876
Комсомольская,55.775707,37.6547
Проспект мира,55.781742,37.633023
Новослободская,55.779565,37.601421
Белорусская,55.777388,37.582206
Краснопресненская,55.760211,37.577211
Киевская,55.743588,37.565587
Баррикадная,55.760818,37.58128
Петровско-Разумовская,55.834446,37.574211
Марьина роща,55.795069,37.616485
Достоевская,55.781499,37.614698
Трубная,55.767939,37.621884
Сретенский бульвар,55.765564,37.638395
Чкаловская,55.755804,37.657997
Римская,55.746228,37.681236
Крестьянская застава,55.732448,37.665066
Дубровка,55.71807,37.676241
Кожуховская,55.706259,37.68544
Печатники,55.692972,37.728398
Волжская,55.690765,37.753344
Люблино,55.675682,37.76177
Братиславская,55.659404,37.750451
Марьино,55.650028,37.743471
Борисово,55.633582,37.743813
Шипиловская,55.620733,37.74375
Зябликово,55.612329,37.745205
Бутырская,55.813394,37.602481
Фонвизинская,55.822888,37.587344
Петровско-Разумовская,55.834446,37.574211
Окружная,55.844748,37.575531
Верхние Лихоборы,55.856038,37.56114
Селигерская,55.866556,37.547117
Медведково,55.887473,37.661527
Ботанический сад,55.845228,37.637919
ВДНХ,55.821097,37.641036
Алексеевская,55.8078,37.638737
Рижская,55.792483,37.636123
Проспект Мира,55.781742,37.633023
Сухаревская,55.772492,37.632305
Тургеневская,55.765235,37.636751
Китай-город,55.756548,37.631388
Третьяковская,55.741323,37.62643
Октябрьская,55.729275,37.611096
Шаболовская,55.718816,37.607924
Ленинский проспект,55.707202,37.585583
Академическая,55.687761,37.573447
Профсоюзная,55.67793,37.562874
Новые Черёмушки,55.670077,37.554493
Калужская,55.656682,37.540075
Беляево,55.642748,37.525827
Коньково,55.63315,37.519009
Тёплый стан,55.618644,37.506541
Ясенево,55.606182,37.5334
Новоясеневская,55.601717,37.553828
Тимирязевская,55.818695,37.575271
Ул. Милашенкова,55.821876,37.591207
Телецентр,55.821795,37.608975
Ул. Академика Королева,55.821821,37.627166
Выставочный центр,55.824086,37.638494
Ул. Сергея Эйзенштейна,55.829305,37.644998
Косино,55.703423,37.851305
Улица Дмитриевского,55.710311,37.879045
Лухмановская,55.708516,37.900569
Некрасовка,55.702967,37.92803
Лефортово,55.764693,37.706757
Авиамоторная,55.751432,37.716612
Нижегородская,55.731724,37.730158
Стахановская,55.727207,37.752257
Окская,55.718623,37.781272
Юго-Восточная,55.705351,37.817995
Павшино,55.815175,37.341439
Нахабино,55.841655,37.184854
Аникеевка,55.832303,37.219161
Опалиха,55.822701,37.24876
Красногорская,55.814335,37.303944
Пенягино,55.822539,37.361049
Волоколамская,55.835508,37.382034
Трикотажная,55.833137,37.398967
Тушинская,55.826417,37.437307
Покровское-Стрешнево,55.814204,37.476699
Стрешнево,55.813698,37.486966
Красный Балтиец,55.815478,37.526618
Гражданская,55.805483,37.553316
Дмитровская,55.807602,37.581253
Марьина Роща,55.795069,37.616485
Рижская,55.792483,37.636123
Каланчёвская,55.776067,37.651672
Курская,55.758524,37.65876
Москва-Товарная,55.745656,37.688306
Калитники,55.734146,37.701969
Новохохловская,55.724084,37.716737
Текстильщики,55.708831,37.732593
Печатники,55.692972,37.728398
Кубанская,55.685021,37.733895
Депо,55.755814,37.617635
Перерва,55.661415,37.716998
Курьяново,55.755814,37.617635
Москворечье,55.640396,37.689087
Царицыно,55.621653,37.669028
Котляково,55.755814,37.617635
Покровское,55.602968,37.632071
Красный строитель,55.589753,37.615075
Битца,55.571174,37.611464
Бутово,55.541698,37.57068
Щербинка,55.510155,37.562191
Остафьево,55.486015,37.555157
Силикатная,55.470459,37.555454
Подольск,55.431637,37.565389
Планерная,55.860923,37.4364
Пушкинская,55.765747,37.6039
Кузнецкий мост,55.761507,37.624516
Китай-город,55.756548,37.631388
Таганская,55.739544,37.652957
Пролетарская,55.731658,37.664779
Волгоградский проспект,55.7249,37.687102
Текстильщики,55.708831,37.732593
Кузьминки,55.705463,37.766145
Рязанский проспект,55.717366,37.793606
Сходненская,55.850515,37.439526
Выхино,55.715601,37.81804
Лермонтовский проспект,55.701699,37.852374
Жулебино,55.685132,37.855797
Котельники,55.674133,37.858635
Тушинская,55.826417,37.437307
Спартак,55.818098,37.43525
Щукинская,55.808827,37.463772
Октябрьское поле,55.793581,37.493317
Полежаевская,55.777444,37.519315
Беговая,55.773651,37.546291
Улица 1905 года,55.764754,37.561392
Новокосино,55.745113,37.864052
Новогиреево,55.75166,37.817169
Перово,55.75132,37.786887
Шоссе Энтузиастов,55.758407,37.751538
Авиамоторная,55.751432,37.716612
Площадь Ильича,55.747069,37.680949
Марксистская,55.741303,37.655957
Третьяковская,55.741323,37.62643
Савёловская,55.792807,37.586122
Петровский парк,55.791845,37.557188
ЦСКА,55.786602,37.533301
Хорошёвская,55.776862,37.520797
Шелепиха,55.757116,37.524067
Парк Победы,55.736934,37.516009
Минская,55.723947,37.497872
Ломоносовский проспект,55.70706,37.516063
Раменки,55.697691,37.498725
Мичуринский проспект,55.689456,37.482969
Озёрная,55.670574,37.449003
Говорово,55.659551,37.417266
Солнцево,55.649383,37.3909
Боровское шоссе,55.647671,37.370122
Новопеределкино,55.639613,37.355228
Рассказовка,55.633968,37.334747
Алтуфьево,55.8982,37.587362
Бибирево,55.883868,37.603011
Отрадное,55.863207,37.604762
Владыкино,55.847978,37.59038
Тимирязевская,55.818695,37.575271
Дмитровская,55.807602,37.581253
Савёловская,55.792807,37.586122
Менделеевская,55.781818,37.59869
Цветной бульвар,55.771758,37.620734
Чеховская,55.765843,37.608167
Боровицкая,55.750565,37.609083
Полянка,55.736807,37.618471
Серпуховская,55.726872,37.624992
Тульская,55.708841,37.622612
Нагатинская,55.683386,37.622863
Нагорная,55.672854,37.610745
Нахимовский проспект,55.662379,37.605274
Севастопольская,55.652202,37.598375
Чертановская,55.640609,37.606325
Южная,55.622278,37.608975
Пражская,55.612599,37.604565
Улица академика Янгеля,55.595293,37.600864
Аннино,55.5832,37.59674
Бульвар Дмитрия Донского,55.569667,37.577346
Савёловская,55.792807,37.586122
Петровский парк,55.791845,37.557188
ЦСКА,55.786602,37.533301
Хорошёвская,55.776862,37.520797
Шелепиха,55.757116,37.524067
Деловой центр,55.749025,37.539904
Битцевский парк,55.600257,37.556451
Лесопарковая,55.581968,37.57731
Улица Старокачаловская,55.568425,37.576403
Улица Скобелевская,55.548044,37.554636
Бульвар адмирала Ушакова,55.545319,37.542833
Улица Горчакова,55.541932,37.531514
Бунинская аллея,55.537964,37.515919
Бульвар Рокоссовского,55.814264,37.735117
Локомотив,55.80313,37.746058
Измайлово,55.788409,37.743031
Соколиная Гора,55.769914,37.745385
Шоссе Энтузиастов,55.758407,37.751538
Андроновка,55.746319,37.736842
Нижегородская,55.731724,37.730158
Новохохловская,55.724084,37.716737
Угрешская,55.717944,37.695555
Дубровка,55.71807,37.676241
Автозаводская,55.707182,37.657646
ЗИЛ,55.698665,37.649265
Верхние Котлы,55.69008,37.618758
Крымская,55.689999,37.605122
Площадь Гагарина,55.706771,37.58658
Лужники,55.720859,37.56035
Кутузовская,55.74033,37.534191
Деловой центр,55.749025,37.539904
Шелепиха,55.757116,37.524067
Хорошево,55.776917,37.507493
Зорге,55.789153,37.504214
Панфиловская,55.798019,37.499821
Стрешнево,55.813698,37.486966
Балтийская,55.825148,37.494728
Коптево,55.840452,37.521417
Лихоборы,55.847669,37.553037
Окружная,55.844748,37.575531
Владыкино,55.847978,37.59038
Ботанический сад,55.845228,37.637919
Ростокино,55.839224,37.668399
Белокаменная,55.829375,37.70231
